,0,1,2,3,4,5,6,7,8,9,10,11,12,13,14,15,16,17,18,19,20,21,22,23,24,25,26,27,28,29,30,31,32,33,34,35,36,37,38,39,40,41,42,43,44,45,46,47,48,49,50,51,52,53,54,55,56,57,58,59,60,61,62,63,64,65,66,67,68,69,70,71,72,73,74,75,76,77,78,79,80,81,82,83,84
0,0.0,29.4,56.47,100.25,352.41999999999996,inf,1669.33,1875.2799999999997,1944.1,inf,inf,inf,inf,2658.8,2675.67,2794.08,2683.25,2700.62,2740.0,inf,inf,inf,inf,inf,inf,inf,2714.42,2781.54,inf,inf,inf,inf,inf,918.56,1121.96,inf,1721.35,1794.98,inf,inf,inf,inf,1188.86,1932.36,inf,1524.05,1337.2,1309.65,inf,inf,inf,inf,inf,inf,inf,inf,inf,inf,2353.25,2563.3500000000004,inf,inf,2386.52,2652.12,inf,2057.65,inf,1765.33,1965.67,inf,inf,inf,1546.84,1364.78,1406.11,1474.99,1573.69,1289.01,1413.3899999999999,inf,inf,inf,2414.67,inf,1495.67
1,98.42999999999999,0.0,27.07,70.85,323.02,inf,1639.93,1845.88,1914.7,inf,inf,inf,inf,2629.4,2646.27,2764.68,2653.85,2671.22,2710.6,inf,inf,inf,inf,inf,inf,inf,2685.02,2752.14,inf,inf,inf,inf,inf,889.16,1092.56,inf,1691.9499999999998,1765.58,inf,inf,inf,inf,1159.46,1902.9599999999998,inf,1494.6499999999999,1307.8,1280.25,inf,inf,inf,inf,inf,inf,inf,inf,inf,inf,2323.8500000000004,2533.95,inf,inf,2357.12,2622.72,inf,2028.25,inf,1735.9299999999998,1936.27,inf,inf,inf,1517.4399999999998,1335.3799999999999,1376.7099999999998,1445.59,1544.29,1259.61,1383.99,inf,inf,inf,2385.27,inf,1466.27
2,71.36,100.75999999999999,0.0,43.78,423.78,inf,1612.86,1818.81,1887.6299999999999,inf,inf,inf,inf,2602.33,2619.2,2737.6099999999997,2626.7799999999997,2644.1499999999996,2683.5299999999997,inf,inf,inf,inf,inf,inf,inf,2657.95,2725.0699999999997,inf,inf,inf,inf,inf,862.0899999999999,1065.49,inf,1664.88,1738.51,inf,inf,inf,inf,1132.3899999999999,1875.8899999999999,inf,1467.58,1280.73,1253.18,inf,inf,inf,inf,inf,inf,inf,inf,inf,inf,2296.78,2506.88,inf,inf,2330.05,2595.6499999999996,inf,2001.1799999999998,inf,1708.86,1909.2,inf,inf,inf,1490.37,1308.31,1349.6399999999999,1418.52,1517.22,1232.54,1356.9199999999998,inf,inf,inf,2358.2,inf,1439.2
3,27.58,56.98,84.05,0.0,380.0,inf,1569.08,1775.0299999999997,1843.85,inf,inf,inf,inf,2558.55,2575.42,2693.83,2583.0,2600.37,2639.75,inf,inf,inf,inf,inf,inf,inf,2614.17,2681.29,inf,inf,inf,inf,inf,818.31,1021.7099999999999,inf,1621.1,1694.73,inf,inf,inf,inf,1088.61,1832.11,inf,1423.8,1236.95,1209.4,inf,inf,inf,inf,inf,inf,inf,inf,inf,inf,2253.0,2463.1000000000004,inf,inf,2286.27,2551.87,inf,1957.4,inf,1665.08,1865.42,inf,inf,inf,1446.59,1264.53,1305.86,1374.74,1473.44,1188.76,1313.1399999999999,inf,inf,inf,2314.42,inf,1395.42
4,inf,inf,inf,inf,0.0,inf,inf,inf,inf,inf,inf,inf,inf,inf,inf,inf,inf,inf,inf,inf,inf,inf,inf,inf,inf,inf,inf,inf,inf,inf,inf,inf,inf,inf,inf,inf,inf,inf,inf,inf,inf,inf,inf,inf,inf,inf,inf,inf,inf,inf,inf,inf,inf,inf,inf,inf,inf,inf,inf,inf,inf,inf,inf,inf,inf,inf,inf,inf,inf,inf,inf,inf,inf,inf,inf,inf,inf,inf,inf,inf,inf,inf,inf,inf,inf
5,396.22999999999996,425.63,324.87,368.65,748.65,0.0,1937.73,2143.68,2212.5,inf,inf,inf,inf,2927.2,2944.0699999999997,3062.4799999999996,2951.6499999999996,2969.0199999999995,3008.3999999999996,inf,inf,inf,inf,inf,inf,inf,2982.8199999999997,3049.9399999999996,inf,inf,inf,inf,inf,1186.96,1390.3600000000001,inf,1989.75,2063.38,inf,inf,inf,inf,1457.26,2200.76,inf,1792.45,1605.6000000000001,1578.0500000000002,inf,inf,inf,inf,inf,inf,inf,inf,inf,inf,2621.6500000000005,2831.75,inf,inf,2654.92,2920.52,inf,2326.05,inf,2033.73,2234.07,inf,inf,inf,1815.24,1633.18,1674.51,1743.39,1842.0900000000001,1557.41,1681.79,inf,inf,inf,2683.0699999999997,inf,1764.0700000000002
6,inf,inf,inf,inf,inf,inf,0.0,205.95,274.77,inf,inf,inf,inf,989.4699999999999,1006.3399999999999,1124.75,1013.9199999999998,1031.29,1070.6699999999998,inf,inf,inf,inf,inf,inf,inf,1045.09,1112.21,inf,inf,inf,inf,inf,inf,inf,inf,inf,inf,inf,inf,inf,inf,inf,inf,inf,inf,inf,inf,inf,inf,inf,inf,inf,inf,inf,inf,inf,inf,inf,inf,inf,inf,inf,inf,inf,inf,inf,inf,inf,inf,inf,inf,inf,inf,inf,inf,inf,inf,inf,inf,inf,inf,745.3399999999999,inf,inf
7,inf,inf,inf,inf,inf,inf,inf,0.0,68.82,inf,inf,inf,inf,783.52,800.39,918.8,807.97,825.3399999999999,864.72,inf,inf,inf,inf,inf,inf,inf,839.14,906.26,inf,inf,inf,inf,inf,inf,inf,inf,inf,inf,inf,inf,inf,inf,inf,inf,inf,inf,inf,inf,inf,inf,inf,inf,inf,inf,inf,inf,inf,inf,inf,inf,inf,inf,inf,inf,inf,inf,inf,inf,inf,inf,inf,inf,inf,inf,inf,inf,inf,inf,inf,inf,inf,inf,539.39,inf,inf
8,inf,inf,inf,inf,inf,inf,inf,inf,0.0,inf,inf,inf,inf,inf,inf,inf,inf,inf,inf,inf,inf,inf,inf,inf,inf,inf,inf,inf,inf,inf,inf,inf,inf,inf,inf,inf,inf,inf,inf,inf,inf,inf,inf,inf,inf,inf,inf,inf,inf,inf,inf,inf,inf,inf,inf,inf,inf,inf,inf,inf,inf,inf,inf,inf,inf,inf,inf,inf,inf,inf,inf,inf,inf,inf,inf,inf,inf,inf,inf,inf,inf,inf,inf,inf,inf
9,2525.4300000000003,2554.83,2581.9,2625.6800000000003,2877.8500000000004,inf,2430.78,2636.73,2705.55,0.0,61.52,inf,inf,3420.25,3437.12,3555.5299999999997,3444.7,3462.0699999999997,3501.45,inf,inf,inf,inf,inf,inf,inf,3475.87,3542.99,inf,inf,inf,inf,inf,3443.99,2011.2800000000002,inf,1574.6400000000003,1648.27,inf,inf,inf,inf,1950.31,1785.65,883.26,1059.56,1190.49,1383.3700000000001,inf,inf,inf,inf,inf,inf,inf,inf,inf,inf,1888.7600000000002,2098.86,inf,inf,2239.81,2505.41,inf,1910.94,inf,1618.62,1818.96,inf,inf,inf,1400.13,1218.0700000000002,1259.4,1328.2800000000002,1426.98,1362.73,2174.84,402.62,531.66,inf,3176.12,inf,1348.96
10,2463.9100000000003,2493.31,2520.38,2564.1600000000003,2816.3300000000004,inf,2369.26,2575.21,2644.03,inf,0.0,inf,inf,3358.73,3375.6,3494.0099999999998,3383.18,3400.5499999999997,3439.93,inf,inf,inf,inf,inf,inf,inf,3414.35,3481.47,inf,inf,inf,inf,inf,3382.47,1949.7600000000002,inf,1513.1200000000003,1586.75,inf,inf,inf,inf,1888.79,1724.13,821.74,998.0400000000001,1128.97,1321.8500000000001,inf,inf,inf,inf,inf,inf,inf,inf,inf,inf,1827.2400000000002,2037.3400000000001,inf,inf,2178.29,2443.89,inf,1849.42,inf,1557.1,1757.44,inf,inf,inf,1338.6100000000001,1156.5500000000002,1197.88,1266.7600000000002,1365.46,1301.21,2113.32,341.1,470.14,inf,3114.6,inf,1287.44
11,2510.17,2539.57,2566.6400000000003,2610.4200000000005,2862.5900000000006,inf,2415.52,2621.4700000000003,2690.2900000000004,inf,46.26,0.0,67.36,3404.9900000000002,3421.86,3540.27,3429.44,3446.81,3486.19,inf,inf,inf,inf,inf,inf,inf,3460.61,3527.73,inf,inf,inf,inf,inf,3428.73,1996.02,inf,1559.38,1633.0100000000002,inf,inf,inf,inf,1935.0500000000002,1770.3900000000003,868.0,1044.3000000000002,1175.23,1368.1100000000001,inf,inf,inf,inf,inf,inf,inf,inf,inf,inf,1873.5,2083.6,inf,inf,2224.55,2490.15,inf,1895.6800000000003,inf,1603.3600000000001,1803.7000000000003,inf,inf,inf,1384.87,1202.81,1244.14,1313.02,1411.7200000000003,1347.47,2159.58,387.36,516.4,inf,3160.86,inf,1333.7
12,inf,inf,inf,inf,inf,inf,inf,inf,inf,inf,inf,inf,0.0,inf,inf,inf,inf,inf,inf,inf,inf,inf,inf,inf,inf,inf,inf,inf,inf,inf,inf,inf,inf,inf,inf,inf,inf,inf,inf,inf,inf,inf,inf,inf,inf,inf,inf,inf,inf,inf,inf,inf,inf,inf,inf,inf,inf,inf,inf,inf,inf,inf,inf,inf,inf,inf,inf,inf,inf,inf,inf,inf,inf,inf,inf,inf,inf,inf,inf,inf,inf,inf,inf,inf,inf
13,inf,inf,inf,inf,inf,inf,inf,inf,inf,inf,inf,inf,inf,0.0,16.87,135.28,24.45,41.82,81.2,inf,inf,inf,inf,inf,inf,inf,256.17,323.29,inf,inf,inf,inf,inf,inf,inf,inf,inf,inf,inf,inf,inf,inf,inf,inf,inf,inf,inf,inf,inf,inf,inf,inf,inf,inf,inf,inf,inf,inf,inf,inf,inf,inf,inf,inf,inf,inf,inf,inf,inf,inf,inf,inf,inf,inf,inf,inf,inf,inf,inf,inf,inf,inf,inf,inf,inf
14,inf,inf,inf,inf,inf,inf,inf,inf,inf,inf,inf,inf,inf,inf,0.0,118.41,135.93,153.3,159.79,inf,inf,inf,inf,inf,inf,inf,334.76,401.88,inf,inf,inf,inf,inf,inf,inf,inf,inf,inf,inf,inf,inf,inf,inf,inf,inf,inf,inf,inf,inf,inf,inf,inf,inf,inf,inf,inf,inf,inf,inf,inf,inf,inf,inf,inf,inf,inf,inf,inf,inf,inf,inf,inf,inf,inf,inf,inf,inf,inf,inf,inf,inf,inf,inf,inf,inf
15,inf,inf,inf,inf,inf,inf,inf,inf,inf,inf,inf,inf,inf,inf,76.3,0.0,17.52,34.89,41.38,inf,inf,inf,inf,inf,inf,inf,216.35,283.47,inf,inf,inf,inf,inf,inf,inf,inf,inf,inf,inf,inf,inf,inf,inf,inf,inf,inf,inf,inf,inf,inf,inf,inf,inf,inf,inf,inf,inf,inf,inf,inf,inf,inf,inf,inf,inf,inf,inf,inf,inf,inf,inf,inf,inf,inf,inf,inf,inf,inf,inf,inf,inf,inf,inf,inf,inf
16,inf,inf,inf,inf,inf,inf,inf,inf,inf,inf,inf,inf,inf,inf,58.78,177.19,0.0,17.37,56.75,inf,inf,inf,inf,inf,inf,inf,231.72,298.84000000000003,inf,inf,inf,inf,inf,inf,inf,inf,inf,inf,inf,inf,inf,inf,inf,inf,inf,inf,inf,inf,inf,inf,inf,inf,inf,inf,inf,inf,inf,inf,inf,inf,inf,inf,inf,inf,inf,inf,inf,inf,inf,inf,inf,inf,inf,inf,inf,inf,inf,inf,inf,inf,inf,inf,inf,inf,inf
17,inf,inf,inf,inf,inf,inf,inf,inf,inf,inf,inf,inf,inf,inf,41.41,159.82,177.34,0.0,39.38,inf,inf,inf,inf,inf,inf,inf,214.35,281.47,inf,inf,inf,inf,inf,inf,inf,inf,inf,inf,inf,inf,inf,inf,inf,inf,inf,inf,inf,inf,inf,inf,inf,inf,inf,inf,inf,inf,inf,inf,inf,inf,inf,inf,inf,inf,inf,inf,inf,inf,inf,inf,inf,inf,inf,inf,inf,inf,inf,inf,inf,inf,inf,inf,inf,inf,inf
18,inf,inf,inf,inf,inf,inf,inf,inf,inf,inf,inf,inf,inf,inf,inf,inf,inf,inf,0.0,inf,inf,inf,inf,inf,inf,inf,174.97,242.09,inf,inf,inf,inf,inf,inf,inf,inf,inf,inf,inf,inf,inf,inf,inf,inf,inf,inf,inf,inf,inf,inf,inf,inf,inf,inf,inf,inf,inf,inf,inf,inf,inf,inf,inf,inf,inf,inf,inf,inf,inf,inf,inf,inf,inf,inf,inf,inf,inf,inf,inf,inf,inf,inf,inf,inf,inf
19,3104.69,3134.09,3161.1600000000003,3204.9400000000005,3457.1100000000006,inf,3010.0400000000004,3215.9900000000002,3284.8100000000004,inf,640.78,594.52,661.8800000000001,3999.51,4016.38,4134.79,4023.96,4041.33,4080.71,0.0,214.4,inf,245.86,265.16,267.78000000000003,inf,4055.13,4122.25,inf,inf,inf,inf,inf,4023.25,2590.5400000000004,inf,2153.9,2227.53,inf,inf,inf,inf,2529.57,2364.9100000000003,1462.52,1638.8200000000002,1769.75,1962.63,inf,inf,inf,inf,inf,inf,inf,inf,inf,inf,2468.02,2678.1200000000003,inf,inf,2819.07,3084.67,inf,2490.2000000000003,inf,2197.88,2398.2200000000003,inf,inf,inf,1979.3899999999999,1797.33,1838.6600000000003,1907.54,2006.2400000000002,1941.9900000000002,2754.1,981.88,1110.92,297.86,3755.38,258.44,1928.2200000000003
20,3164.67,3194.07,3221.1400000000003,3264.9200000000005,3517.0900000000006,inf,3070.0200000000004,3275.9700000000003,3344.7900000000004,inf,700.76,654.5,721.86,4059.4900000000002,4076.36,4194.77,4083.94,4101.31,4140.6900000000005,inf,0.0,inf,31.46,50.760000000000005,53.38,inf,4115.110000000001,4182.2300000000005,inf,inf,inf,inf,inf,4083.23,2650.5200000000004,inf,2213.88,2287.51,inf,inf,inf,inf,2589.55,2424.8900000000003,1522.4999999999998,1698.8,1829.7299999999998,2022.61,inf,inf,inf,inf,inf,inf,inf,inf,inf,inf,2528.0,2738.1000000000004,inf,inf,2879.05,3144.65,inf,2550.1800000000003,inf,2257.86,2458.2000000000003,inf,inf,inf,2039.37,1857.31,1898.64,1967.52,2066.2200000000003,2001.97,2814.08,1041.86,1170.8999999999999,357.84,3815.36,44.04,1988.2
21,3147.19,3176.59,3203.6600000000003,3247.4400000000005,3499.6100000000006,inf,3052.5400000000004,3258.4900000000002,3327.3100000000004,inf,683.28,637.02,704.3800000000001,4042.01,4058.88,4177.29,4066.46,4083.83,4123.21,inf,inf,0.0,13.98,33.28,35.900000000000006,inf,4097.63,4164.75,inf,inf,inf,inf,inf,4065.75,2633.0400000000004,inf,2196.4,2270.03,inf,inf,inf,inf,2572.07,2407.4100000000003,1505.02,1681.3200000000002,1812.25,2005.13,inf,inf,inf,inf,inf,inf,inf,inf,inf,inf,2510.52,2720.6200000000003,inf,inf,2861.57,3127.17,inf,2532.7000000000003,inf,2240.38,2440.7200000000003,inf,inf,inf,2021.8899999999999,1839.83,1881.1600000000003,1950.04,2048.7400000000002,1984.4900000000002,2796.6,1024.38,1153.42,340.36,3797.88,inf,1970.7200000000003
22,3133.21,3162.61,3189.6800000000003,3233.4600000000005,3485.6300000000006,inf,3038.5600000000004,3244.51,3313.3300000000004,inf,669.3,623.04,690.4000000000001,4028.03,4044.9,4163.31,4052.48,4069.85,4109.2300000000005,inf,inf,inf,0.0,19.3,21.92,inf,4083.65,4150.77,inf,inf,inf,inf,inf,4051.77,2619.0600000000004,inf,2182.42,2256.05,inf,inf,inf,inf,2558.09,2393.4300000000003,1491.04,1667.3400000000001,1798.27,1991.15,inf,inf,inf,inf,inf,inf,inf,inf,inf,inf,2496.54,2706.6400000000003,inf,inf,2847.59,3113.19,inf,2518.7200000000003,inf,2226.4,2426.7400000000002,inf,inf,inf,2007.9099999999999,1825.85,1867.1800000000003,1936.06,2034.7600000000002,1970.5100000000002,2782.62,1010.4,1139.44,326.38,3783.9,inf,1956.7400000000002
23,3113.91,3143.31,3170.38,3214.1600000000003,3466.3300000000004,inf,3019.26,3225.21,3294.03,inf,650.0,603.74,671.1,4008.73,4025.6,4144.01,4033.18,4050.5499999999997,4089.93,inf,inf,inf,inf,0.0,inf,inf,4064.35,4131.47,inf,inf,inf,inf,inf,4032.47,2599.76,inf,2163.1200000000003,2236.75,inf,inf,inf,inf,2538.79,2374.13,1471.7399999999998,1648.04,1778.9699999999998,1971.85,inf,inf,inf,inf,inf,inf,inf,inf,inf,inf,2477.24,2687.34,inf,inf,2828.29,3093.89,inf,2499.42,inf,2207.1,2407.44,inf,inf,inf,1988.61,1806.55,1847.88,1916.76,2015.46,1951.21,2763.3199999999997,991.0999999999999,1120.1399999999999,307.08,3764.6,inf,1937.44
24,3155.13,3184.5299999999997,3211.6000000000004,3255.38,3507.55,inf,3060.4800000000005,3266.4300000000003,3335.25,inf,691.22,644.96,712.3199999999999,4049.95,4066.8199999999997,4185.23,4074.3999999999996,4091.7699999999995,4131.15,inf,inf,inf,21.92,41.22,0.0,inf,4105.57,4172.69,inf,inf,inf,inf,inf,4073.6899999999996,2640.9800000000005,inf,2204.34,2277.9700000000003,inf,inf,inf,inf,2580.01,2415.3500000000004,1512.9599999999998,1689.26,1820.1899999999998,2013.07,inf,inf,inf,inf,inf,inf,inf,inf,inf,inf,2518.46,2728.5600000000004,inf,inf,2869.51,3135.1099999999997,inf,2540.6400000000003,inf,2248.3199999999997,2448.66,inf,inf,inf,2029.83,1847.77,1889.1000000000001,1957.98,2056.6800000000003,1992.43,2804.54,1032.32,1161.36,348.29999999999995,3805.8199999999997,inf,1978.66
25,3151.99,3181.39,3208.46,3252.2400000000002,3504.4100000000003,inf,3057.34,3263.29,3332.11,inf,688.0799999999999,641.8199999999999,709.1800000000001,4046.81,4063.68,4182.09,4071.2599999999998,4088.6299999999997,4128.01,inf,inf,inf,inf,38.08,inf,0.0,4102.43,4169.55,inf,inf,inf,inf,inf,4070.5499999999997,2637.84,inf,2201.2000000000003,2274.83,inf,inf,inf,inf,2576.87,2412.21,1509.8199999999997,1686.12,1817.0499999999997,2009.9299999999998,inf,inf,inf,inf,inf,inf,inf,inf,inf,inf,2515.3199999999997,2725.42,inf,inf,2866.37,3131.97,inf,2537.5,inf,2245.18,2445.52,inf,inf,inf,2026.69,1844.63,1885.96,1954.8400000000001,2053.54,1989.29,2801.3999999999996,1029.1799999999998,1158.2199999999998,345.15999999999997,3802.68,inf,1975.52
26,inf,inf,inf,inf,inf,inf,inf,inf,inf,inf,inf,inf,inf,inf,inf,inf,inf,inf,inf,inf,inf,inf,inf,inf,inf,inf,0.0,67.12,inf,inf,inf,inf,inf,inf,inf,inf,inf,inf,inf,inf,inf,inf,inf,inf,inf,inf,inf,inf,inf,inf,inf,inf,inf,inf,inf,inf,inf,inf,inf,inf,inf,inf,inf,inf,inf,inf,inf,inf,inf,inf,inf,inf,inf,inf,inf,inf,inf,inf,inf,inf,inf,inf,inf,inf,inf
27,inf,inf,inf,inf,inf,inf,inf,inf,inf,inf,inf,inf,inf,inf,inf,inf,inf,inf,inf,inf,inf,inf,inf,inf,inf,inf,inf,0.0,inf,inf,inf,inf,inf,inf,inf,inf,inf,inf,inf,inf,inf,inf,inf,inf,inf,inf,inf,inf,inf,inf,inf,inf,inf,inf,inf,inf,inf,inf,inf,inf,inf,inf,inf,inf,inf,inf,inf,inf,inf,inf,inf,inf,inf,inf,inf,inf,inf,inf,inf,inf,inf,inf,inf,inf,inf
28,3172.17,3201.57,3228.6400000000003,3272.4200000000005,3524.5900000000006,inf,3077.5200000000004,3283.4700000000003,3352.2900000000004,inf,708.26,662.0,729.3600000000001,4066.9900000000002,4083.86,4202.27,4091.44,4108.81,4148.1900000000005,67.48,281.88,inf,313.34,332.64,335.26,inf,4122.610000000001,4189.7300000000005,0.0,inf,inf,inf,inf,4090.73,2658.0200000000004,inf,2221.38,2295.01,inf,inf,inf,inf,2597.05,2432.3900000000003,1530.0,1706.3000000000002,1837.23,2030.1100000000001,inf,inf,inf,inf,inf,inf,inf,inf,inf,inf,2535.5,2745.6000000000004,inf,inf,2886.55,3152.15,inf,2557.6800000000003,inf,2265.36,2465.7000000000003,inf,inf,inf,2046.87,1864.81,1906.1400000000003,1975.02,2073.7200000000003,2009.4700000000003,2821.58,1049.3600000000001,1178.4,365.34000000000003,3822.86,325.92,1995.7000000000003
29,inf,inf,inf,inf,inf,inf,inf,inf,inf,inf,inf,inf,inf,inf,inf,inf,inf,inf,inf,inf,inf,inf,inf,inf,inf,inf,inf,inf,inf,0.0,636.04,inf,inf,inf,inf,inf,inf,inf,inf,inf,inf,inf,inf,inf,inf,inf,inf,inf,inf,inf,inf,inf,inf,2202.76,inf,inf,inf,inf,inf,inf,inf,inf,inf,inf,inf,inf,inf,inf,inf,inf,inf,inf,inf,inf,inf,inf,inf,inf,inf,inf,inf,inf,inf,inf,inf
30,inf,inf,inf,inf,inf,inf,inf,inf,inf,inf,inf,inf,inf,inf,inf,inf,inf,inf,inf,inf,inf,inf,inf,inf,inf,inf,inf,inf,inf,inf,0.0,inf,inf,inf,inf,inf,inf,inf,inf,inf,inf,inf,inf,inf,inf,inf,inf,inf,inf,inf,inf,inf,inf,1566.72,inf,inf,inf,inf,inf,inf,inf,inf,inf,inf,inf,inf,inf,inf,inf,inf,inf,inf,inf,inf,inf,inf,inf,inf,inf,inf,inf,inf,inf,inf,inf
31,inf,inf,inf,inf,inf,inf,inf,inf,inf,inf,inf,inf,inf,inf,inf,inf,inf,inf,inf,inf,inf,inf,inf,inf,inf,inf,inf,inf,inf,inf,inf,0.0,542.76,inf,inf,inf,inf,inf,inf,inf,inf,inf,inf,inf,inf,inf,inf,inf,inf,inf,inf,inf,inf,inf,inf,inf,inf,inf,inf,inf,2067.02,inf,inf,inf,inf,inf,inf,inf,inf,inf,inf,inf,inf,inf,inf,inf,inf,inf,inf,inf,inf,inf,inf,inf,inf
32,inf,inf,inf,inf,inf,inf,inf,inf,inf,inf,inf,inf,inf,inf,inf,inf,inf,inf,inf,inf,inf,inf,inf,inf,inf,inf,inf,inf,inf,inf,inf,inf,0.0,inf,inf,inf,inf,inf,inf,inf,inf,inf,inf,inf,inf,inf,inf,inf,inf,inf,inf,inf,inf,inf,inf,inf,inf,inf,inf,inf,inf,inf,inf,inf,inf,inf,inf,inf,inf,inf,inf,inf,inf,inf,inf,inf,inf,inf,inf,inf,inf,inf,inf,inf,inf
33,1753.5800000000002,1782.98,1810.0500000000002,1853.8300000000002,2106.0,inf,750.77,956.72,1025.54,inf,inf,inf,inf,1740.2400000000002,1757.1100000000001,1875.52,1764.69,1782.0600000000002,1821.44,inf,inf,inf,inf,inf,inf,inf,1795.8600000000001,1862.98,inf,inf,inf,inf,inf,0.0,203.4,inf,802.7900000000001,876.4200000000001,inf,inf,inf,inf,270.3,1013.8,inf,605.49,418.64000000000004,391.09000000000003,inf,inf,inf,inf,inf,inf,inf,inf,inf,inf,1434.6900000000003,1644.7900000000002,inf,inf,1467.96,1733.56,inf,1139.0900000000001,inf,846.77,1047.1100000000001,inf,inf,inf,628.28,446.22,487.55000000000007,556.4300000000001,655.1300000000001,370.45000000000005,494.83000000000004,inf,inf,inf,1496.1100000000001,inf,577.11
34,1550.18,1579.58,1606.65,1650.43,1902.6000000000001,inf,1455.53,1661.48,1730.3,inf,inf,inf,inf,2445.0,2461.87,2580.2799999999997,2469.45,2486.8199999999997,2526.2,inf,inf,inf,inf,inf,inf,inf,2500.62,2567.74,inf,inf,inf,inf,inf,2468.7400000000002,0.0,inf,599.3900000000001,673.02,inf,inf,inf,inf,975.06,810.3999999999999,inf,402.09000000000003,215.24,187.69,inf,inf,inf,inf,inf,inf,inf,inf,inf,inf,1231.2900000000002,1441.39,inf,inf,1264.56,1530.1599999999999,inf,935.69,inf,643.37,843.71,inf,inf,inf,424.88,242.82,284.15,353.03,451.73,167.05,1199.59,inf,inf,inf,2200.87,inf,373.71000000000004
35,1248.6799999999998,1278.08,1305.15,1348.9299999999998,1601.1,inf,908.5799999999999,1114.53,1183.35,inf,inf,inf,inf,1898.0500000000002,1914.92,2033.33,1922.5,1939.8700000000001,1979.25,inf,inf,inf,inf,inf,inf,inf,1953.67,2020.79,inf,inf,inf,inf,inf,2167.24,489.08,0.0,297.89,126.07,inf,inf,inf,inf,428.11,263.45,inf,891.1700000000001,704.3199999999999,676.77,inf,inf,inf,inf,inf,inf,inf,inf,inf,inf,1720.3700000000003,1930.4700000000003,inf,inf,1753.6399999999999,2019.2399999999998,inf,1424.77,inf,1132.45,1332.79,inf,inf,inf,913.96,731.9,773.23,842.11,940.81,656.13,652.64,inf,inf,inf,1653.92,inf,862.79
36,950.79,980.1899999999999,1007.26,1051.04,1303.21,inf,2620.1200000000003,2826.07,2894.8900000000003,inf,inf,inf,inf,3609.59,3626.46,3744.87,3634.04,3651.41,3690.79,inf,inf,inf,inf,inf,inf,inf,3665.21,3732.33,inf,inf,inf,inf,inf,1869.35,2072.75,inf,0.0,2745.7700000000004,inf,inf,inf,inf,2139.65,2883.15,inf,2474.84,2287.9900000000002,2260.44,inf,inf,inf,inf,inf,inf,inf,inf,inf,inf,3304.0400000000004,3514.1400000000003,inf,inf,3337.3100000000004,3602.91,inf,3008.44,inf,2716.1200000000003,2916.46,inf,inf,inf,2497.63,2315.57,2356.9,2425.78,2524.48,2239.8,2364.1800000000003,inf,inf,inf,3365.46,inf,2446.46
37,1913.19,1942.59,1969.66,2013.44,2265.61,inf,782.51,988.4599999999999,1057.28,inf,inf,inf,inf,1771.98,1788.85,1907.2599999999998,1796.4299999999998,1813.8,1853.1799999999998,inf,inf,inf,inf,inf,inf,inf,1827.6,1894.7199999999998,inf,inf,inf,inf,inf,2831.75,363.01,inf,962.4,0.0,inf,inf,inf,inf,302.03999999999996,137.38,inf,765.0999999999999,578.25,550.6999999999999,inf,inf,inf,inf,inf,inf,inf,inf,inf,inf,1594.3000000000002,1804.4,inf,inf,1627.57,1893.1699999999998,inf,1298.6999999999998,inf,1006.3799999999999,1206.72,inf,inf,inf,787.8899999999999,605.8299999999999,647.16,716.04,814.74,530.06,526.5699999999999,inf,inf,inf,1527.85,inf,736.7199999999999
38,2207.8999999999996,2237.2999999999997,2264.37,2308.1499999999996,2560.3199999999997,inf,2113.2499999999995,2319.2,2388.0199999999995,inf,inf,inf,inf,3102.72,3119.5899999999997,3237.9999999999995,3127.1699999999996,3144.5399999999995,3183.9199999999996,inf,inf,inf,inf,inf,inf,inf,3158.3399999999997,3225.4599999999996,inf,inf,inf,inf,inf,3126.46,1693.7499999999998,inf,1257.11,1330.7399999999998,0.0,52.73,37.77,inf,1632.7799999999997,1468.12,inf,1280.2399999999998,1093.3899999999999,1065.84,inf,222.69,310.14,inf,inf,inf,inf,inf,inf,inf,2109.44,2319.54,inf,inf,2142.71,2408.3099999999995,inf,1813.8399999999997,inf,1521.5199999999998,1721.86,inf,548.81,684.92,1303.0299999999997,1120.9699999999998,941.8699999999999,1010.7499999999999,1109.4499999999998,1045.1999999999998,1857.3099999999997,inf,inf,inf,2858.5899999999997,inf,1031.4299999999998
39,inf,inf,inf,inf,inf,inf,inf,inf,inf,inf,inf,inf,inf,inf,inf,inf,inf,inf,inf,inf,inf,inf,inf,inf,inf,inf,inf,inf,inf,inf,inf,inf,inf,inf,inf,inf,inf,inf,inf,0.0,inf,inf,inf,inf,inf,inf,inf,inf,inf,inf,inf,inf,inf,inf,inf,inf,inf,inf,inf,inf,inf,inf,inf,inf,inf,inf,inf,inf,inf,inf,inf,inf,inf,inf,inf,inf,inf,inf,inf,inf,inf,inf,inf,inf,inf
40,2245.67,2275.0699999999997,2302.1400000000003,2345.92,2598.09,inf,2151.02,2356.97,2425.79,inf,inf,inf,inf,3140.49,3157.3599999999997,3275.7699999999995,3164.9399999999996,3182.3099999999995,3221.6899999999996,inf,inf,inf,inf,inf,inf,inf,3196.1099999999997,3263.2299999999996,inf,inf,inf,inf,inf,3164.23,1731.52,inf,1294.88,1368.51,37.77,90.5,0.0,inf,1670.55,1505.8899999999999,inf,1318.01,1131.16,1103.6100000000001,inf,260.46,347.90999999999997,inf,inf,inf,inf,inf,inf,inf,2147.21,2357.3100000000004,inf,inf,2180.48,2446.08,inf,1851.6100000000001,inf,1559.29,1759.63,inf,586.5799999999999,722.6899999999999,1340.8,1158.74,979.6399999999999,1048.52,1147.22,1082.97,1895.08,inf,inf,inf,2896.3599999999997,inf,1069.2
41,2258.31,2287.71,2314.7799999999997,2358.56,2610.73,inf,2163.66,2369.6099999999997,2438.43,inf,inf,inf,inf,3153.13,3170.0,3288.41,3177.58,3194.95,3234.33,inf,inf,inf,inf,inf,inf,inf,3208.75,3275.87,inf,inf,inf,inf,inf,3176.87,1744.1599999999999,inf,1307.52,1381.1499999999999,50.41,103.13999999999999,88.18,0.0,1683.1899999999998,1518.5299999999997,inf,1330.6499999999999,1143.8,1116.25,inf,273.1,360.55,inf,inf,inf,inf,inf,inf,inf,2159.8500000000004,2369.95,inf,inf,2193.12,2458.72,inf,1864.25,inf,1571.9299999999998,1772.27,inf,599.22,735.33,1353.4399999999998,1171.3799999999999,992.28,1061.1599999999999,1159.86,1095.61,1907.7199999999998,inf,inf,inf,2909.0,inf,1081.84
42,inf,inf,inf,inf,inf,inf,480.47,686.42,755.24,inf,inf,inf,inf,1469.94,1486.81,1605.2199999999998,1494.3899999999999,1511.76,1551.1399999999999,inf,inf,inf,inf,inf,inf,inf,1525.56,1592.6799999999998,inf,inf,inf,inf,inf,inf,inf,inf,inf,inf,inf,inf,inf,inf,0.0,inf,inf,inf,inf,inf,inf,inf,inf,inf,inf,inf,inf,inf,inf,inf,inf,inf,inf,inf,inf,inf,inf,inf,inf,inf,inf,inf,inf,inf,inf,inf,inf,inf,inf,inf,224.53,inf,inf,inf,1225.81,inf,inf
43,1775.8100000000002,1805.21,1832.2800000000002,1876.0600000000002,2128.23,inf,645.13,851.0799999999999,919.9000000000001,inf,inf,inf,inf,1634.6,1651.47,1769.88,1659.05,1676.42,1715.8,inf,inf,inf,inf,inf,inf,inf,1690.22,1757.3400000000001,inf,inf,inf,inf,inf,2694.37,225.63,inf,825.02,898.6500000000001,inf,inf,inf,inf,164.66,0.0,inf,627.72,440.87,413.32,inf,inf,inf,inf,inf,inf,inf,inf,inf,inf,1456.9200000000003,1667.0200000000002,inf,inf,1490.19,1755.79,inf,1161.32,inf,869.0,1069.3400000000001,inf,inf,inf,650.51,468.45,509.78,578.66,677.36,392.68,389.19,inf,inf,inf,1390.47,inf,599.34
44,1642.17,1671.57,1698.64,1742.42,1994.5900000000001,inf,1547.52,1753.4699999999998,1822.29,inf,inf,inf,inf,2536.99,2553.8599999999997,2672.2699999999995,2561.4399999999996,2578.8099999999995,2618.1899999999996,inf,inf,inf,inf,inf,inf,inf,2592.6099999999997,2659.7299999999996,inf,inf,inf,inf,inf,2560.73,1128.02,inf,691.38,765.01,inf,inf,inf,inf,1067.05,902.39,0.0,176.3,307.23,500.10999999999996,inf,inf,inf,inf,inf,inf,inf,inf,inf,inf,1005.5,1215.6,inf,inf,1356.55,1622.1499999999999,inf,1027.68,inf,735.36,935.7,inf,inf,inf,516.87,334.81,376.14,445.02,543.72,479.46999999999997,1291.58,inf,inf,inf,2292.8599999999997,inf,465.7
45,inf,inf,inf,inf,inf,inf,inf,inf,inf,inf,inf,inf,inf,inf,inf,inf,inf,inf,inf,inf,inf,inf,inf,inf,inf,inf,inf,inf,inf,inf,inf,inf,inf,inf,inf,inf,inf,inf,inf,inf,inf,inf,inf,inf,inf,0.0,inf,inf,inf,inf,inf,inf,inf,inf,inf,inf,inf,inf,829.2,1039.3,inf,inf,inf,inf,inf,inf,inf,inf,inf,inf,inf,inf,inf,inf,inf,inf,inf,inf,inf,inf,inf,inf,inf,inf,inf
46,1334.94,1364.34,1391.41,1435.19,1687.3600000000001,inf,1240.29,1446.2399999999998,1515.06,inf,inf,inf,inf,2229.7599999999998,2246.63,2365.04,2254.21,2271.58,2310.96,inf,inf,inf,inf,inf,inf,inf,2285.38,2352.5,inf,inf,inf,inf,inf,2253.5,820.79,inf,384.15,457.78,inf,inf,inf,inf,759.8199999999999,595.16,inf,407.28000000000003,0.0,192.88,inf,inf,inf,inf,inf,inf,inf,inf,inf,inf,1236.4800000000002,1446.5800000000002,inf,inf,1049.32,1314.9199999999998,inf,720.45,inf,428.13,628.4700000000001,inf,inf,inf,209.64,27.58,68.91,137.79,236.49,172.24,984.3499999999999,inf,inf,inf,1985.6299999999999,inf,158.47
47,1362.49,1391.8899999999999,1418.96,1462.74,1714.91,inf,1267.84,1473.79,1542.61,inf,inf,inf,inf,2257.31,2274.18,2392.5899999999997,2281.7599999999998,2299.1299999999997,2338.5099999999998,inf,inf,inf,inf,inf,inf,inf,2312.93,2380.0499999999997,inf,inf,inf,inf,inf,2281.05,848.3399999999999,inf,411.69999999999993,485.3299999999999,inf,inf,inf,inf,787.3699999999999,622.7099999999999,inf,214.4,27.55,0.0,inf,inf,inf,inf,inf,inf,inf,inf,inf,inf,1043.6000000000001,1253.7,inf,inf,1076.87,1342.4699999999998,inf,748.0,inf,455.68,656.0200000000001,inf,inf,inf,237.19,55.129999999999995,96.46,165.33999999999997,264.03999999999996,199.78999999999996,1011.8999999999999,inf,inf,inf,2013.1799999999998,inf,186.01999999999998
48,2010.67,2040.07,2067.1400000000003,2110.92,2363.09,inf,1916.02,2121.97,2190.79,inf,inf,inf,inf,2905.49,2922.3599999999997,3040.7699999999995,2929.9399999999996,2947.3099999999995,2986.6899999999996,inf,inf,inf,inf,inf,inf,inf,2961.1099999999997,3028.2299999999996,inf,inf,inf,inf,inf,2929.23,1496.52,inf,1059.88,1133.51,301.7,354.43,339.46999999999997,inf,1435.55,1270.8899999999999,inf,1083.01,896.16,868.6099999999999,0.0,79.01,112.91,inf,inf,inf,inf,inf,inf,inf,1912.21,2122.31,inf,inf,1945.48,2211.08,inf,1616.61,inf,1324.29,1524.63,inf,351.58,487.69,1105.8,923.7399999999999,744.64,813.52,912.22,847.9699999999999,1660.08,inf,inf,inf,2661.3599999999997,inf,834.1999999999999
49,1985.21,2014.6100000000001,2041.6800000000003,2085.46,2337.63,inf,1890.56,2096.5099999999998,2165.33,inf,inf,inf,inf,2880.0299999999997,2896.8999999999996,3015.3099999999995,2904.4799999999996,2921.8499999999995,2961.2299999999996,inf,inf,inf,inf,inf,inf,inf,2935.6499999999996,3002.7699999999995,inf,inf,inf,inf,inf,2903.77,1471.06,inf,1034.42,1108.0500000000002,222.69,275.42,260.46,inf,1410.0900000000001,1245.43,inf,1057.55,870.7,843.15,inf,0.0,87.45,inf,inf,inf,inf,inf,inf,inf,1886.7500000000002,2096.8500000000004,inf,inf,1920.02,2185.62,inf,1591.15,inf,1298.83,1499.17,inf,326.12,462.23,1080.34,898.28,719.1800000000001,788.0600000000001,886.7600000000001,822.51,1634.62,inf,inf,inf,2635.8999999999996,inf,808.74
50,1897.7600000000002,1927.1599999999999,1954.23,1998.0100000000002,2250.1800000000003,inf,1803.1100000000001,2009.06,2077.88,inf,inf,inf,inf,2792.58,2809.45,2927.8599999999997,2817.0299999999997,2834.3999999999996,2873.7799999999997,inf,inf,inf,inf,inf,inf,inf,2848.2,2915.3199999999997,inf,inf,inf,inf,inf,2816.32,1383.6100000000001,inf,946.97,1020.6,inf,inf,inf,inf,1322.6399999999999,1157.98,inf,970.1,783.25,755.6999999999999,inf,inf,0.0,inf,inf,inf,inf,inf,inf,inf,1799.3000000000002,2009.4,inf,inf,1832.57,2098.17,inf,1503.6999999999998,inf,1211.3799999999999,1411.72,inf,238.67,374.78,992.8899999999999,810.8299999999999,631.73,700.61,799.3100000000001,735.06,1547.17,inf,inf,inf,2548.45,inf,721.29
51,2041.96,2071.36,2098.4300000000003,2142.21,2394.38,inf,1947.31,2153.2599999999998,2222.08,inf,inf,inf,inf,2936.7799999999997,2953.6499999999996,3072.0599999999995,2961.2299999999996,2978.5999999999995,3017.9799999999996,inf,inf,inf,inf,inf,inf,inf,2992.3999999999996,3059.5199999999995,inf,inf,inf,inf,inf,2960.52,1527.81,inf,1091.17,1164.8000000000002,335.15999999999997,387.89,372.92999999999995,inf,1466.8400000000001,1302.18,inf,1114.3,927.45,899.9,33.46,112.47,146.37,0.0,inf,inf,inf,inf,inf,inf,1943.5000000000002,2153.6000000000004,inf,inf,1976.77,2242.37,inf,1647.9,232.81,1355.58,1555.92,inf,382.87,518.98,1137.09,955.03,775.9300000000001,844.8100000000001,943.5100000000001,879.26,1691.37,inf,inf,inf,2692.6499999999996,inf,865.49
52,inf,inf,inf,inf,inf,inf,inf,inf,inf,inf,inf,inf,inf,inf,inf,inf,inf,inf,inf,inf,inf,inf,inf,inf,inf,inf,inf,inf,inf,inf,inf,1653.08,2195.84,inf,inf,inf,inf,inf,inf,inf,inf,inf,inf,inf,inf,inf,inf,inf,inf,inf,inf,inf,0.0,inf,inf,inf,inf,inf,inf,inf,3720.1,inf,inf,inf,inf,inf,inf,inf,inf,inf,inf,inf,inf,inf,inf,inf,inf,inf,inf,inf,inf,inf,inf,inf,inf
53,inf,inf,inf,inf,inf,inf,inf,inf,inf,inf,inf,inf,inf,inf,inf,inf,inf,inf,inf,inf,inf,inf,inf,inf,inf,inf,inf,inf,inf,inf,inf,inf,inf,inf,inf,inf,inf,inf,inf,inf,inf,inf,inf,inf,inf,inf,inf,inf,inf,inf,inf,inf,inf,0.0,inf,inf,inf,inf,inf,inf,inf,inf,inf,inf,inf,inf,inf,inf,inf,inf,inf,inf,inf,inf,inf,inf,inf,inf,inf,inf,inf,inf,inf,inf,inf
54,inf,inf,inf,inf,inf,inf,inf,inf,inf,inf,inf,inf,inf,inf,inf,inf,inf,inf,inf,inf,inf,inf,inf,inf,inf,inf,inf,inf,inf,inf,883.47,inf,inf,inf,inf,inf,inf,inf,inf,inf,inf,inf,inf,inf,inf,inf,inf,inf,inf,inf,inf,inf,inf,2450.19,0.0,336.98,inf,inf,inf,inf,inf,inf,inf,inf,inf,inf,inf,inf,inf,inf,inf,inf,inf,inf,inf,inf,inf,inf,inf,inf,inf,inf,inf,inf,inf
55,inf,inf,inf,inf,inf,inf,inf,inf,inf,inf,inf,inf,inf,inf,inf,inf,inf,inf,inf,inf,inf,inf,inf,inf,inf,inf,inf,inf,inf,inf,546.49,inf,inf,inf,inf,inf,inf,inf,inf,inf,inf,inf,inf,inf,inf,inf,inf,inf,inf,inf,inf,inf,inf,2113.21,inf,0.0,inf,inf,inf,inf,inf,inf,inf,inf,inf,inf,inf,inf,inf,inf,inf,inf,inf,inf,inf,inf,inf,inf,inf,inf,inf,inf,inf,inf,inf
56,2059.23,2088.63,2115.7,2159.48,2411.65,inf,1719.1299999999999,1925.08,1993.8999999999999,inf,inf,inf,inf,2708.6,2725.47,2843.8799999999997,2733.0499999999997,2750.4199999999996,2789.7999999999997,inf,inf,inf,inf,inf,inf,inf,2764.22,2831.3399999999997,inf,inf,inf,inf,inf,2977.79,1299.6299999999999,810.5500000000001,1108.44,936.62,inf,inf,inf,inf,1238.6599999999999,1074.0,inf,1701.7199999999998,1514.87,1487.32,inf,inf,inf,inf,inf,inf,inf,inf,0.0,212.1,2530.92,2741.02,inf,inf,2564.1899999999996,2829.79,inf,2235.3199999999997,inf,1942.9999999999998,2143.34,inf,inf,inf,1724.5099999999998,1542.4499999999998,1583.7799999999997,1652.6599999999999,1751.36,1466.6799999999998,1463.1899999999998,inf,inf,inf,2464.47,inf,1673.34
57,1847.13,1876.53,1903.6,1947.38,2199.55,inf,1507.03,1712.98,1781.8,inf,inf,inf,inf,2496.5,2513.37,2631.7799999999997,2520.95,2538.3199999999997,2577.7,inf,inf,inf,inf,inf,inf,inf,2552.12,2619.24,inf,inf,inf,inf,inf,2765.69,1087.53,598.45,896.34,724.52,inf,inf,inf,inf,1026.56,861.9,inf,1489.62,1302.77,1275.22,inf,inf,inf,inf,inf,inf,inf,inf,inf,0.0,2318.82,2528.92,inf,inf,2352.09,2617.6899999999996,inf,2023.2199999999998,inf,1730.8999999999999,1931.24,inf,inf,inf,1512.4099999999999,1330.35,1371.6799999999998,1440.56,1539.26,1254.58,1251.09,inf,inf,inf,2252.37,inf,1461.24
58,inf,inf,inf,inf,inf,inf,inf,inf,inf,inf,inf,inf,inf,inf,inf,inf,inf,inf,inf,inf,inf,inf,inf,inf,inf,inf,inf,inf,inf,inf,inf,inf,inf,inf,inf,inf,inf,inf,inf,inf,inf,inf,inf,inf,inf,inf,inf,inf,inf,inf,inf,inf,inf,inf,inf,inf,inf,inf,0.0,210.1,inf,inf,inf,inf,inf,inf,inf,inf,inf,inf,inf,inf,inf,inf,inf,inf,inf,inf,inf,inf,inf,inf,inf,inf,inf
59,inf,inf,inf,inf,inf,inf,inf,inf,inf,inf,inf,inf,inf,inf,inf,inf,inf,inf,inf,inf,inf,inf,inf,inf,inf,inf,inf,inf,inf,inf,inf,inf,inf,inf,inf,inf,inf,inf,inf,inf,inf,inf,inf,inf,inf,inf,inf,inf,inf,inf,inf,inf,inf,inf,inf,inf,inf,inf,inf,0.0,inf,inf,inf,inf,inf,inf,inf,inf,inf,inf,inf,inf,inf,inf,inf,inf,inf,inf,inf,inf,inf,inf,inf,inf,inf
60,inf,inf,inf,inf,inf,inf,inf,inf,inf,inf,inf,inf,inf,inf,inf,inf,inf,inf,inf,inf,inf,inf,inf,inf,inf,inf,inf,inf,inf,inf,inf,inf,inf,inf,inf,inf,inf,inf,inf,inf,inf,inf,inf,inf,inf,inf,inf,inf,inf,inf,inf,inf,inf,inf,inf,inf,inf,inf,inf,inf,0.0,inf,inf,inf,inf,inf,inf,inf,inf,inf,inf,inf,inf,inf,inf,inf,inf,inf,inf,inf,inf,inf,inf,inf,inf
61,inf,inf,inf,inf,inf,inf,inf,inf,inf,inf,inf,inf,inf,inf,inf,inf,inf,inf,inf,inf,inf,inf,inf,inf,inf,inf,inf,inf,inf,inf,2277.9300000000003,inf,inf,inf,inf,inf,inf,inf,inf,inf,inf,inf,inf,inf,inf,inf,inf,inf,inf,inf,inf,inf,inf,3844.65,1394.46,1731.44,inf,inf,inf,inf,inf,0.0,inf,inf,inf,inf,inf,inf,inf,inf,inf,inf,inf,inf,inf,inf,inf,inf,inf,inf,inf,inf,inf,inf,inf
62,inf,inf,inf,inf,inf,inf,inf,inf,inf,inf,inf,inf,inf,inf,inf,inf,inf,inf,inf,inf,inf,inf,inf,inf,inf,inf,inf,inf,inf,inf,inf,inf,inf,inf,inf,inf,inf,inf,inf,inf,inf,inf,inf,inf,inf,inf,inf,inf,inf,inf,inf,inf,inf,inf,inf,inf,inf,inf,inf,inf,inf,inf,0.0,265.6,inf,inf,inf,inf,inf,inf,inf,inf,inf,inf,inf,inf,inf,inf,inf,inf,inf,inf,inf,inf,inf
63,inf,inf,inf,inf,inf,inf,inf,inf,inf,inf,inf,inf,inf,inf,inf,inf,inf,inf,inf,inf,inf,inf,inf,inf,inf,inf,inf,inf,inf,inf,inf,inf,inf,inf,inf,inf,inf,inf,inf,inf,inf,inf,inf,inf,inf,inf,inf,inf,inf,inf,inf,inf,inf,inf,inf,inf,inf,inf,inf,inf,inf,inf,inf,0.0,inf,inf,inf,inf,inf,inf,inf,inf,inf,inf,inf,inf,inf,inf,inf,inf,inf,inf,inf,inf,inf
64,2402.17,2431.5699999999997,2458.6400000000003,2502.42,2754.59,inf,2307.52,2513.47,2582.29,inf,inf,inf,inf,3296.99,3313.8599999999997,3432.2699999999995,3321.4399999999996,3338.8099999999995,3378.1899999999996,inf,inf,inf,inf,inf,inf,inf,3352.6099999999997,3419.7299999999996,inf,inf,inf,inf,inf,3320.73,1888.02,inf,1451.38,1525.01,695.3699999999999,748.0999999999999,733.1399999999999,inf,1827.05,1662.3899999999999,inf,1474.51,1287.66,1260.1100000000001,393.66999999999996,472.67999999999995,506.58,360.21,inf,inf,inf,inf,inf,inf,2303.71,2513.8100000000004,inf,inf,2336.98,2602.58,0.0,2008.1100000000001,593.02,1715.79,1916.13,inf,743.0799999999999,879.1899999999999,1497.3,1315.24,1136.1399999999999,1205.02,1303.72,1239.47,2051.58,inf,inf,inf,3052.8599999999997,inf,1225.7
65,inf,inf,inf,inf,inf,inf,inf,inf,inf,inf,inf,inf,inf,inf,inf,inf,inf,inf,inf,inf,inf,inf,inf,inf,inf,inf,inf,inf,inf,inf,inf,inf,inf,inf,inf,inf,inf,inf,inf,inf,inf,inf,inf,inf,inf,inf,inf,inf,inf,inf,inf,inf,inf,inf,inf,inf,inf,inf,inf,inf,inf,inf,328.87,594.47,inf,0.0,inf,inf,inf,inf,inf,inf,inf,inf,inf,inf,inf,inf,inf,inf,inf,inf,inf,inf,inf
66,1809.15,1838.55,1865.6200000000001,1909.4,2161.57,inf,1714.5,1920.4499999999998,1989.27,inf,inf,inf,inf,2703.9700000000003,2720.84,2839.25,2728.42,2745.79,2785.17,inf,inf,inf,inf,inf,inf,inf,2759.59,2826.71,inf,inf,inf,inf,inf,2727.71,1295.0,inf,858.36,931.99,inf,inf,inf,inf,1234.03,1069.37,inf,881.49,694.64,667.0899999999999,inf,inf,inf,inf,inf,inf,inf,inf,inf,inf,1710.69,1920.79,inf,inf,1743.96,2009.56,inf,1415.09,0.0,1122.77,1323.1100000000001,inf,150.06,286.17,904.28,722.2199999999999,543.12,612.0,710.7,646.4499999999999,1458.56,inf,inf,inf,2459.84,inf,632.68
67,inf,inf,inf,inf,inf,inf,inf,inf,inf,inf,inf,inf,inf,inf,inf,inf,inf,inf,inf,inf,inf,inf,inf,inf,inf,inf,inf,inf,inf,inf,inf,inf,inf,inf,inf,inf,inf,inf,inf,inf,inf,inf,inf,inf,inf,inf,inf,inf,inf,inf,inf,inf,inf,inf,inf,inf,inf,inf,inf,inf,inf,inf,621.19,886.79,inf,292.32,inf,0.0,200.34,inf,inf,inf,inf,inf,inf,inf,inf,inf,inf,inf,inf,inf,inf,inf,inf
68,inf,inf,inf,inf,inf,inf,inf,inf,inf,inf,inf,inf,inf,inf,inf,inf,inf,inf,inf,inf,inf,inf,inf,inf,inf,inf,inf,inf,inf,inf,inf,inf,inf,inf,inf,inf,inf,inf,inf,inf,inf,inf,inf,inf,inf,inf,inf,inf,inf,inf,inf,inf,inf,inf,inf,inf,inf,inf,inf,inf,inf,inf,inf,inf,inf,inf,inf,inf,0.0,inf,inf,inf,inf,inf,inf,inf,inf,inf,inf,inf,inf,inf,inf,inf,inf
69,inf,inf,inf,inf,inf,inf,inf,inf,inf,inf,inf,inf,inf,inf,inf,inf,inf,inf,inf,inf,inf,inf,inf,inf,inf,inf,inf,inf,inf,inf,inf,inf,inf,inf,inf,inf,inf,inf,inf,inf,inf,inf,inf,inf,inf,inf,inf,inf,inf,inf,inf,inf,inf,inf,inf,inf,inf,inf,inf,inf,inf,inf,616.4100000000001,882.01,inf,287.54,inf,inf,inf,0.0,inf,inf,inf,inf,inf,inf,inf,inf,inf,inf,inf,inf,inf,inf,inf
70,1659.0900000000001,1688.4899999999998,1715.56,1759.3400000000001,2011.5100000000002,inf,1564.44,1770.3899999999999,1839.21,inf,inf,inf,inf,2553.91,2570.7799999999997,2689.1899999999996,2578.3599999999997,2595.7299999999996,2635.1099999999997,inf,inf,inf,inf,inf,inf,inf,2609.5299999999997,2676.6499999999996,inf,inf,inf,inf,inf,2577.65,1144.94,inf,708.3,781.93,inf,inf,inf,inf,1083.9699999999998,919.31,inf,731.4300000000001,544.5799999999999,517.03,inf,inf,inf,inf,inf,inf,inf,inf,inf,inf,1560.63,1770.73,inf,inf,1593.9,1859.5,inf,1265.03,inf,972.71,1173.0500000000002,inf,0.0,136.11,754.22,572.16,393.06,461.94,560.64,496.39,1308.5,inf,inf,inf,2309.7799999999997,inf,482.62
71,1522.98,1552.3799999999999,1579.45,1623.23,1875.4,inf,1428.33,1634.2799999999997,1703.1,inf,inf,inf,inf,2417.8,2434.67,2553.08,2442.25,2459.62,2499.0,inf,inf,inf,inf,inf,inf,inf,2473.42,2540.54,inf,inf,inf,inf,inf,2441.54,1008.8299999999999,inf,572.1899999999999,645.8199999999999,inf,inf,inf,inf,947.8599999999999,783.1999999999999,inf,595.3199999999999,408.46999999999997,380.91999999999996,inf,inf,inf,inf,inf,inf,inf,inf,inf,inf,1424.5200000000002,1634.6200000000001,inf,inf,1457.79,1723.3899999999999,inf,1128.92,inf,836.5999999999999,1036.94,inf,inf,0.0,618.1099999999999,436.04999999999995,256.95,325.83,424.53,360.28,1172.3899999999999,inf,inf,inf,2173.67,inf,346.51
72,inf,inf,inf,inf,inf,inf,inf,inf,inf,inf,inf,inf,inf,inf,inf,inf,inf,inf,inf,inf,inf,inf,inf,inf,inf,inf,inf,inf,inf,inf,inf,inf,inf,inf,inf,inf,inf,inf,inf,inf,inf,inf,inf,inf,inf,inf,inf,inf,inf,inf,inf,inf,inf,inf,inf,inf,inf,inf,inf,inf,inf,inf,839.6800000000001,1105.28,inf,510.81,inf,218.49,418.83000000000004,inf,inf,inf,0.0,inf,inf,inf,inf,inf,inf,inf,inf,inf,inf,inf,inf
73,1307.3600000000001,1336.76,1363.8300000000002,1407.6100000000001,1659.7800000000002,inf,1212.7099999999998,1418.6599999999999,1487.48,inf,inf,inf,inf,2202.18,2219.0499999999997,2337.4599999999996,2226.6299999999997,2243.9999999999995,2283.3799999999997,inf,inf,inf,inf,inf,inf,inf,2257.7999999999997,2324.9199999999996,inf,inf,inf,inf,inf,2225.92,793.2099999999999,inf,356.57,430.2,inf,inf,inf,inf,732.2399999999999,567.5799999999999,inf,379.70000000000005,192.84999999999997,165.29999999999998,inf,inf,inf,inf,inf,inf,inf,inf,inf,inf,1208.9,1419.0,inf,inf,1021.74,1287.34,inf,692.87,inf,400.55,600.8900000000001,inf,inf,inf,182.06,0.0,41.33,110.21,208.91,144.66,956.7699999999999,inf,inf,inf,1958.0499999999997,inf,130.89
74,1266.03,1295.4299999999998,1322.5,1366.28,1618.45,inf,1171.3799999999999,1377.33,1446.1499999999999,inf,inf,inf,inf,2160.85,2177.72,2296.1299999999997,2185.2999999999997,2202.6699999999996,2242.0499999999997,inf,inf,inf,inf,inf,inf,inf,2216.47,2283.5899999999997,inf,inf,inf,inf,inf,2184.59,751.8799999999999,inf,315.24,388.87,inf,inf,inf,inf,690.9099999999999,526.25,inf,338.37,151.51999999999998,123.97,inf,inf,inf,inf,inf,inf,inf,inf,inf,inf,1167.5700000000002,1377.67,inf,inf,1200.84,1466.4399999999998,inf,871.97,inf,579.65,779.99,inf,inf,inf,361.15999999999997,179.1,0.0,68.88,167.57999999999998,103.33,915.4399999999998,inf,inf,inf,1916.7199999999998,inf,89.56
75,1197.15,1226.55,1253.6200000000001,1297.4,1549.5700000000002,inf,1102.5,1308.4499999999998,1377.27,inf,inf,inf,inf,2091.97,2108.84,2227.25,2116.42,2133.79,2173.17,inf,inf,inf,inf,inf,inf,inf,2147.59,2214.71,inf,inf,inf,inf,inf,2115.71,683.0,inf,246.36,319.99,inf,inf,inf,inf,622.03,457.36999999999995,inf,269.49,82.63999999999999,55.089999999999996,inf,inf,inf,inf,inf,inf,inf,inf,inf,inf,1098.6900000000003,1308.7900000000002,inf,inf,1131.96,1397.56,inf,803.0899999999999,inf,510.77,711.11,inf,inf,inf,292.28,110.22,151.55,0.0,98.7,34.45,846.56,inf,inf,inf,1847.84,inf,20.68
76,1098.45,1127.85,1154.92,1198.7,1450.8700000000001,inf,1003.8,1209.75,1278.57,inf,inf,inf,inf,1993.27,2010.1399999999999,2128.5499999999997,2017.7199999999998,2035.09,2074.47,inf,inf,inf,inf,inf,inf,inf,2048.89,2116.0099999999998,inf,inf,inf,inf,inf,2017.01,584.3,inf,147.66,221.29,inf,inf,inf,inf,523.3299999999999,358.66999999999996,inf,986.3899999999999,799.54,771.9899999999999,inf,inf,inf,inf,inf,inf,inf,inf,inf,inf,1815.5900000000001,2025.69,inf,inf,1848.86,2114.46,inf,1519.9899999999998,inf,1227.6699999999998,1428.01,inf,inf,inf,1009.1799999999998,827.1199999999999,868.4499999999999,937.3299999999999,0.0,751.3499999999999,747.8599999999999,inf,inf,inf,1749.1399999999999,inf,958.0099999999999
77,1383.13,1412.53,1439.6000000000001,1483.38,1735.5500000000002,inf,1288.48,1494.4299999999998,1563.25,inf,inf,inf,inf,2277.95,2294.8199999999997,2413.23,2302.4,2319.77,2359.15,inf,inf,inf,inf,inf,inf,inf,2333.5699999999997,2400.69,inf,inf,inf,inf,inf,2301.69,868.98,inf,432.34000000000003,505.97,inf,inf,inf,inf,808.01,643.3499999999999,inf,235.04000000000002,48.19,20.64,inf,inf,inf,inf,inf,inf,inf,inf,inf,inf,1064.2400000000002,1274.3400000000001,inf,inf,1097.51,1363.11,inf,768.64,inf,476.32,676.6600000000001,inf,inf,inf,257.83,75.77,117.1,185.98,284.68,0.0,1032.54,inf,inf,inf,2033.82,inf,206.66
78,inf,inf,inf,inf,inf,inf,255.94,461.89,530.71,inf,inf,inf,inf,1245.4099999999999,1262.28,1380.69,1269.86,1287.23,1326.61,inf,inf,inf,inf,inf,inf,inf,1301.03,1368.15,inf,inf,inf,inf,inf,inf,inf,inf,inf,inf,inf,inf,inf,inf,inf,inf,inf,inf,inf,inf,inf,inf,inf,inf,inf,inf,inf,inf,inf,inf,inf,inf,inf,inf,inf,inf,inf,inf,inf,inf,inf,inf,inf,inf,inf,inf,inf,inf,inf,inf,0.0,inf,inf,inf,1001.28,inf,inf
79,2122.8100000000004,2152.21,2179.28,2223.0600000000004,2475.2300000000005,inf,2028.16,2234.11,2302.9300000000003,inf,inf,inf,inf,3017.63,3034.5,3152.91,3042.08,3059.45,3098.83,inf,inf,inf,inf,inf,inf,inf,3073.25,3140.37,inf,inf,inf,inf,inf,3041.37,1608.66,inf,1172.0200000000002,1245.65,inf,inf,inf,inf,1547.69,1383.0300000000002,480.64,656.94,787.87,980.75,inf,inf,inf,inf,inf,inf,inf,inf,inf,inf,1486.14,1696.24,inf,inf,1837.19,2102.79,inf,1508.3200000000002,inf,1216.0,1416.3400000000001,inf,inf,inf,997.51,815.45,856.7800000000001,925.6600000000001,1024.3600000000001,960.11,1772.22,0.0,129.04,inf,2773.5,inf,946.34
80,1993.7700000000002,2023.17,2050.2400000000002,2094.0200000000004,2346.1900000000005,inf,1899.1200000000001,2105.07,2173.8900000000003,inf,inf,inf,inf,2888.59,2905.46,3023.87,2913.04,2930.41,2969.79,inf,inf,inf,inf,inf,inf,inf,2944.21,3011.33,inf,inf,inf,inf,inf,2912.33,1479.6200000000001,inf,1042.9800000000002,1116.6100000000001,inf,inf,inf,inf,1418.65,1253.9900000000002,351.6,527.9000000000001,658.83,851.71,inf,inf,inf,inf,inf,inf,inf,inf,inf,inf,1357.1000000000001,1567.2,inf,inf,1708.15,1973.75,inf,1379.2800000000002,inf,1086.96,1287.3000000000002,inf,inf,inf,868.47,686.4100000000001,727.7400000000001,796.6200000000001,895.3200000000002,831.07,1643.18,inf,0.0,inf,2644.46,inf,817.3000000000001
81,2806.83,2836.23,2863.3,2907.0800000000004,3159.2500000000005,inf,2712.1800000000003,2918.13,2986.9500000000003,inf,342.92,296.66,364.02000000000004,3701.65,3718.52,3836.93,3726.1,3743.47,3782.85,inf,inf,inf,inf,inf,inf,inf,3757.27,3824.39,inf,inf,inf,inf,inf,3725.39,2292.6800000000003,inf,1856.0400000000002,1929.67,inf,inf,inf,inf,2231.71,2067.05,1164.6599999999999,1340.96,1471.8899999999999,1664.77,inf,inf,inf,inf,inf,inf,inf,inf,inf,inf,2170.16,2380.26,inf,inf,2521.21,2786.81,inf,2192.34,inf,1900.02,2100.36,inf,inf,inf,1681.53,1499.47,1540.8000000000002,1609.68,1708.38,1644.13,2456.24,684.02,813.06,0.0,3457.52,inf,1630.3600000000001
82,inf,inf,inf,inf,inf,inf,inf,inf,inf,inf,inf,inf,inf,244.13,261.0,379.40999999999997,268.58,285.95,325.33,inf,inf,inf,inf,inf,inf,inf,299.75,366.87,inf,inf,inf,inf,inf,inf,inf,inf,inf,inf,inf,inf,inf,inf,inf,inf,inf,inf,inf,inf,inf,inf,inf,inf,inf,inf,inf,inf,inf,inf,inf,inf,inf,inf,inf,inf,inf,inf,inf,inf,inf,inf,inf,inf,inf,inf,inf,inf,inf,inf,inf,inf,inf,inf,0.0,inf,inf
83,inf,inf,inf,inf,inf,inf,inf,inf,inf,inf,inf,inf,inf,inf,inf,inf,inf,inf,inf,inf,inf,inf,inf,inf,inf,inf,inf,inf,inf,inf,inf,inf,inf,inf,inf,inf,inf,inf,inf,inf,inf,inf,inf,inf,inf,inf,inf,inf,inf,inf,inf,inf,inf,inf,inf,inf,inf,inf,inf,inf,inf,inf,inf,inf,inf,inf,inf,inf,inf,inf,inf,inf,inf,inf,inf,inf,inf,inf,inf,inf,inf,inf,inf,0.0,inf
84,1396.9,1426.3,1453.3700000000001,1497.15,1749.3200000000002,inf,1302.25,1508.1999999999998,1577.02,inf,inf,inf,inf,2291.72,2308.59,2427.0,2316.17,2333.54,2372.92,inf,inf,inf,inf,inf,inf,inf,2347.34,2414.46,inf,inf,inf,inf,inf,2315.46,882.75,inf,446.11,519.74,inf,inf,inf,inf,821.78,657.1199999999999,inf,248.81000000000003,61.959999999999994,34.41,inf,inf,inf,inf,inf,inf,inf,inf,inf,inf,1078.0100000000002,1288.1100000000001,inf,inf,1111.28,1376.8799999999999,inf,782.41,inf,490.09,690.4300000000001,inf,inf,inf,271.59999999999997,89.53999999999999,130.87,199.75,298.45,13.77,1046.31,inf,inf,inf,2047.59,inf,0.0
